{
    "brier": 1.235487404162103,
    "roi": -61.77437020810515
}