{
  "duckdb_version": "1.4.4",
  "node_version": "v24.16.0",
  "dataset_version": "v1.0.0",
  "benchmarks": [
    {
      "leagues": 6,
      "matches": 22800,
      "stats": {
        "load_ms": {
          "mean": 957.5268199999998,
          "median": 949.6301999999996,
          "p95": 1125.7189999999996,
          "min": 871.8298,
          "max": 1125.7189999999996,
          "stddev": 92.39377073778068
        },
        "canonical_transform_ms": {
          "mean": 11.821419999999943,
          "median": 10.228799999999865,
          "p95": 17.41939999999977,
          "min": 9.01260000000002,
          "max": 17.41939999999977,
          "stddev": 3.174667786336029
        },
        "feature_ms": {
          "mean": 9.11909999999989,
          "median": 8.745199999999386,
          "p95": 12.047700000000077,
          "min": 7.771499999999833,
          "max": 12.047700000000077,
          "stddev": 1.528538961230701
        },
        "prediction_ms": {
          "mean": 38.659680000000165,
          "median": 35.71970000000056,
          "p95": 51.038800000000265,
          "min": 31.225599999999986,
          "max": 51.038800000000265,
          "stddev": 6.919113754636557
        },
        "peak_ram_mb": {
          "mean": 17.233255004882814,
          "median": 16.867897033691406,
          "p95": 22.154251098632812,
          "min": 13.937362670898438,
          "max": 22.154251098632812,
          "stddev": 3.154949949839812
        },
        "parquet_size_mb": {
          "mean": 0.0010595321655273438,
          "median": 0.0010595321655273438,
          "p95": 0.0010595321655273438,
          "min": 0.0010595321655273438,
          "max": 0.0010595321655273438,
          "stddev": 0
        }
      }
    },
    {
      "leagues": 20,
      "matches": 76000,
      "stats": {
        "load_ms": {
          "mean": 3002.1555599999997,
          "median": 3017.4876999999997,
          "p95": 3255.5257999999994,
          "min": 2814.382999999998,
          "max": 3255.5257999999994,
          "stddev": 149.09723719192962
        },
        "canonical_transform_ms": {
          "mean": 26.977480000000288,
          "median": 25.491899999999077,
          "p95": 30.45889999999963,
          "min": 25.414300000000367,
          "max": 30.45889999999963,
          "stddev": 2.007620099919025
        },
        "feature_ms": {
          "mean": 23.748779999999897,
          "median": 22.681300000000192,
          "p95": 26.009000000000015,
          "min": 22.14300000000003,
          "max": 26.009000000000015,
          "stddev": 1.7330524578325843
        },
        "prediction_ms": {
          "mean": 108.10937999999915,
          "median": 102.65419999999904,
          "p95": 121.52489999999852,
          "min": 102.03700000000026,
          "max": 121.52489999999852,
          "stddev": 7.659375341736329
        },
        "peak_ram_mb": {
          "mean": 25.08260498046875,
          "median": 28.266265869140625,
          "p95": 37.64198303222656,
          "min": 10.279632568359375,
          "max": 37.64198303222656,
          "stddev": 9.367969200009838
        },
        "parquet_size_mb": {
          "mean": 0.001102447509765625,
          "median": 0.001102447509765625,
          "p95": 0.001102447509765625,
          "min": 0.001102447509765625,
          "max": 0.001102447509765625,
          "stddev": 0
        }
      }
    },
    {
      "leagues": 50,
      "matches": 190000,
      "stats": {
        "load_ms": {
          "mean": 8563.171320000003,
          "median": 8392.705600000008,
          "p95": 10060.5101,
          "min": 7231.322100000001,
          "max": 10060.5101,
          "stddev": 913.7574961539607
        },
        "canonical_transform_ms": {
          "mean": 26.803480000000853,
          "median": 27.598799999999756,
          "p95": 31.00970000000234,
          "min": 22.143199999998615,
          "max": 31.00970000000234,
          "stddev": 3.922084894236738
        },
        "feature_ms": {
          "mean": 22.40643999999738,
          "median": 24.360000000000582,
          "p95": 27.44129999999859,
          "min": 17.707099999999627,
          "max": 27.44129999999859,
          "stddev": 3.889152034364299
        },
        "prediction_ms": {
          "mean": 321.9441200000001,
          "median": 291.84939999999915,
          "p95": 375.60310000000027,
          "min": 282.3349999999991,
          "max": 375.60310000000027,
          "stddev": 42.308747235125026
        },
        "peak_ram_mb": {
          "mean": 22.98900451660156,
          "median": 30.96973419189453,
          "p95": 31.62543487548828,
          "min": 10.47943115234375,
          "max": 31.62543487548828,
          "stddev": 10.21610718779868
        },
        "parquet_size_mb": {
          "mean": 0.0020837783813476562,
          "median": 0.0020837783813476562,
          "p95": 0.0020837783813476562,
          "min": 0.0020837783813476562,
          "max": 0.0020837783813476562,
          "stddev": 0
        }
      }
    }
  ]
}