{
    "brier": 1.2814895947426068,
    "roi": -64.07447973713035
}