{
  "duckdb_version": "1.4.4",
  "node_version": "v24.16.0",
  "dataset_version": "v1.0",
  "benchmarks": [
    {
      "leagues": 6,
      "matches": 22800,
      "stats": {
        "load_ms": {
          "mean": 891.0587000000002,
          "median": 860.1689000000001,
          "p95": 959.8424000000005,
          "min": 839.6284,
          "max": 959.8424000000005,
          "stddev": 52.964702208735275
        },
        "canonical_transform_ms": {
          "mean": 9.631919999999855,
          "median": 9.01150000000007,
          "p95": 12.025699999999233,
          "min": 8.616099999999733,
          "max": 12.025699999999233,
          "stddev": 1.23275127158697
        },
        "feature_ms": {
          "mean": 8.069299999999975,
          "median": 8.007800000000316,
          "p95": 8.508200000000215,
          "min": 7.834299999999985,
          "max": 8.508200000000215,
          "stddev": 0.23873747925300914
        },
        "prediction_ms": {
          "mean": 33.15513999999985,
          "median": 33.5311999999999,
          "p95": 34.72619999999961,
          "min": 31.404899999999998,
          "max": 34.72619999999961,
          "stddev": 1.1154896944391075
        },
        "peak_ram_mb": {
          "mean": 12.422573852539063,
          "median": 11.862586975097656,
          "p95": 16.42436981201172,
          "min": 8.791404724121094,
          "max": 16.42436981201172,
          "stddev": 2.5807726036002028
        },
        "parquet_size_mb": {
          "mean": 0.0010595321655273438,
          "median": 0.0010595321655273438,
          "p95": 0.0010595321655273438,
          "min": 0.0010595321655273438,
          "max": 0.0010595321655273438,
          "stddev": 0
        }
      }
    },
    {
      "leagues": 20,
      "matches": 76000,
      "stats": {
        "load_ms": {
          "mean": 3074.1475600000003,
          "median": 3048.037400000001,
          "p95": 3218.065199999999,
          "min": 2941.3011000000006,
          "max": 3218.065199999999,
          "stddev": 95.4587215980304
        },
        "canonical_transform_ms": {
          "mean": 28.00239999999976,
          "median": 27.303399999998874,
          "p95": 33.748499999999694,
          "min": 25.267400000000634,
          "max": 33.748499999999694,
          "stddev": 3.0122496662793314
        },
        "feature_ms": {
          "mean": 24.937800000000426,
          "median": 23.225400000002992,
          "p95": 28.750800000001618,
          "min": 21.888699999999517,
          "max": 28.750800000001618,
          "stddev": 2.931988871056572
        },
        "prediction_ms": {
          "mean": 116.18401999999988,
          "median": 113.65989999999874,
          "p95": 129.10280000000057,
          "min": 107.00510000000031,
          "max": 129.10280000000057,
          "stddev": 8.39416019275315
        },
        "peak_ram_mb": {
          "mean": 24.90302429199219,
          "median": 25.50927734375,
          "p95": 34.02228546142578,
          "min": 15.485939025878906,
          "max": 34.02228546142578,
          "stddev": 8.102722778162821
        },
        "parquet_size_mb": {
          "mean": 0.001102447509765625,
          "median": 0.001102447509765625,
          "p95": 0.001102447509765625,
          "min": 0.001102447509765625,
          "max": 0.001102447509765625,
          "stddev": 0
        }
      }
    },
    {
      "leagues": 50,
      "matches": 190000,
      "stats": {
        "load_ms": {
          "mean": 7388.178340000001,
          "median": 7252.913700000001,
          "p95": 7860.462099999997,
          "min": 7059.0268,
          "max": 7860.462099999997,
          "stddev": 304.32332438561747
        },
        "canonical_transform_ms": {
          "mean": 27.070879999999306,
          "median": 29.79869999999937,
          "p95": 30.396999999997206,
          "min": 22.292999999997846,
          "max": 30.396999999997206,
          "stddev": 3.78381142521698
        },
        "feature_ms": {
          "mean": 19.433840000000053,
          "median": 18.06369999999879,
          "p95": 24.674599999998463,
          "min": 17.812300000001414,
          "max": 24.674599999998463,
          "stddev": 2.6415382409491297
        },
        "prediction_ms": {
          "mean": 288.07341999999915,
          "median": 288.1722000000009,
          "p95": 298.8741999999984,
          "min": 278.92109999999957,
          "max": 298.8741999999984,
          "stddev": 6.410357458176185
        },
        "peak_ram_mb": {
          "mean": 24.45843505859375,
          "median": 28.41881561279297,
          "p95": 29.026451110839844,
          "min": 7.877128601074219,
          "max": 29.026451110839844,
          "stddev": 8.29585118545246
        },
        "parquet_size_mb": {
          "mean": 0.0020837783813476562,
          "median": 0.0020837783813476562,
          "p95": 0.0020837783813476562,
          "min": 0.0020837783813476562,
          "max": 0.0020837783813476562,
          "stddev": 0
        }
      }
    }
  ]
}